,,,240,,,,,,,,,,,,,,,,,
standing desk,days since start,function,times total desired,hours,minutes,monday,tuesday,wednesday,thursday,friday,,,,,,,,,,
,,,,,,5,4,3,2,1,,,,,,,,,,
3/29/2015,0,#NUM!,0,0,0,0,0,0,0,0,,,,,,,,,,
4/5/2015,7,0.03864403049,9.274567318,0,9,1,2,3,4,9,,,,,,,,,,
4/12/2015,14,0.06215203531,14.91648847,0,14,2,3,4,7,14,,,,,,,,,,
4/19/2015,21,0.09849532639,23.63887833,0,23,4,5,7,11,23,,,,,,,,,,
4/26/2015,28,0.152631652,36.63159649,0,36,7,9,12,18,36,,,,,,,,,,
5/3/2015,35,0.2289658479,54.95180349,0,54,10,13,18,27,54,,,,,,,,,,
5/10/2015,42,0.3286688874,78.88053297,1,18,15,19,26,39,78,,,,,,,,,,
5/17/2015,49,0.4466381184,107.1931484,1,47,21,26,35,53,107,,,,,,,,,,
5/24/2015,56,0.57093934,137.0254416,2,17,27,34,45,68,137,,,,,,,,,,
5/31/2015,63,0.6868928439,164.8542825,2,44,32,41,54,82,164,,,,,,,,,,
6/7/2015,70,0.7833982846,188.0155883,3,8,37,47,62,94,188,,,,,,,,,,
6/14/2015,77,0.8563782603,205.5307825,3,25,41,51,68,102,205,,,,,,,,,,
6/21/2015,84,0.9076671114,217.8401067,3,37,43,54,72,108,217,,,,,,,,,,
6/28/2015,91,0.9418831428,226.0519543,3,46,45,56,75,113,226,,,,,,,,,,
7/5/2015,98,0.9639236168,231.341668,3,51,46,57,77,115,231,,,,,,,,,,
7/12/2015,105,0.9778023639,234.6725673,3,54,46,58,78,117,234,,,,,,,,,,
7/19/2015,112,0.9864171306,236.7401114,3,56,47,59,78,118,236,,,,,,,,,,
7/26/2015,119,0.9917168811,238.0120515,3,58,47,59,79,119,238,,,,,,,,,,
,,,,,,,,,,,,,,,,,,,,
,,,,,,,,,,,,,,,,,,,,
,day start,9:30:00 AM,,,,,,,,,,,,,,,,,,
,day end,5:30:00 PM,,,periods per day,5,5,5,5,5,4,4,4,4,3,3,3,2,2,1
,difference,0.33,,,week offset,1,1,1,1,1,2,2,2,2,3,3,3,4,4,5
,,,,,period in day,0,1,2,3,4,0,1,2,3,0,1,2,0,1,0
,,,,,,monday1,monday2,monday3,monday4,monday5,tuesday1,tuesday2,tuesday3,tuesday4,wednesday1,wednesday2,wednesday3,thursday1,thursday2,friday
,,,starts,,,3/30/2015 9:30:00,3/30/2015 11:06:00,3/30/2015 12:42:00,3/30/2015 14:18:00,3/30/2015 15:54:00,3/31/2015 9:30:00,3/31/2015 11:30:00,3/31/2015 13:30:00,3/31/2015 15:30:00,4/1/2015 9:30:00,4/1/2015 12:10:00,4/1/2015 14:50:00,4/2/2015 9:30:00,4/2/2015 13:30:00,4/3/2015 9:30:00
,,,,,,4/6/2015 9:30:00,4/6/2015 11:06:00,4/6/2015 12:42:00,4/6/2015 14:18:00,4/6/2015 15:54:00,4/7/2015 9:30:00,4/7/2015 11:30:00,4/7/2015 13:30:00,4/7/2015 15:30:00,4/8/2015 9:30:00,4/8/2015 12:10:00,4/8/2015 14:50:00,4/9/2015 9:30:00,4/9/2015 13:30:00,4/10/2015 9:30:00
,,,,,,4/13/2015 9:30:00,4/13/2015 11:06:00,4/13/2015 12:42:00,4/13/2015 14:18:00,4/13/2015 15:54:00,4/14/2015 9:30:00,4/14/2015 11:30:00,4/14/2015 13:30:00,4/14/2015 15:30:00,4/15/2015 9:30:00,4/15/2015 12:10:00,4/15/2015 14:50:00,4/16/2015 9:30:00,4/16/2015 13:30:00,4/17/2015 9:30:00
,,,,,,4/20/2015 9:30:00,4/20/2015 11:06:00,4/20/2015 12:42:00,4/20/2015 14:18:00,4/20/2015 15:54:00,4/21/2015 9:30:00,4/21/2015 11:30:00,4/21/2015 13:30:00,4/21/2015 15:30:00,4/22/2015 9:30:00,4/22/2015 12:10:00,4/22/2015 14:50:00,4/23/2015 9:30:00,4/23/2015 13:30:00,4/24/2015 9:30:00
,,,,,,4/27/2015 9:30:00,4/27/2015 11:06:00,4/27/2015 12:42:00,4/27/2015 14:18:00,4/27/2015 15:54:00,4/28/2015 9:30:00,4/28/2015 11:30:00,4/28/2015 13:30:00,4/28/2015 15:30:00,4/29/2015 9:30:00,4/29/2015 12:10:00,4/29/2015 14:50:00,4/30/2015 9:30:00,4/30/2015 13:30:00,5/1/2015 9:30:00
,,,,,,5/4/2015 9:30:00,5/4/2015 11:06:00,5/4/2015 12:42:00,5/4/2015 14:18:00,5/4/2015 15:54:00,5/5/2015 9:30:00,5/5/2015 11:30:00,5/5/2015 13:30:00,5/5/2015 15:30:00,5/6/2015 9:30:00,5/6/2015 12:10:00,5/6/2015 14:50:00,5/7/2015 9:30:00,5/7/2015 13:30:00,5/8/2015 9:30:00
,,,,,,5/11/2015 9:30:00,5/11/2015 11:06:00,5/11/2015 12:42:00,5/11/2015 14:18:00,5/11/2015 15:54:00,5/12/2015 9:30:00,5/12/2015 11:30:00,5/12/2015 13:30:00,5/12/2015 15:30:00,5/13/2015 9:30:00,5/13/2015 12:10:00,5/13/2015 14:50:00,5/14/2015 9:30:00,5/14/2015 13:30:00,5/15/2015 9:30:00
,,,,,,5/18/2015 9:30:00,5/18/2015 11:06:00,5/18/2015 12:42:00,5/18/2015 14:18:00,5/18/2015 15:54:00,5/19/2015 9:30:00,5/19/2015 11:30:00,5/19/2015 13:30:00,5/19/2015 15:30:00,5/20/2015 9:30:00,5/20/2015 12:10:00,5/20/2015 14:50:00,5/21/2015 9:30:00,5/21/2015 13:30:00,5/22/2015 9:30:00
,,,,,,5/25/2015 9:30:00,5/25/2015 11:06:00,5/25/2015 12:42:00,5/25/2015 14:18:00,5/25/2015 15:54:00,5/26/2015 9:30:00,5/26/2015 11:30:00,5/26/2015 13:30:00,5/26/2015 15:30:00,5/27/2015 9:30:00,5/27/2015 12:10:00,5/27/2015 14:50:00,5/28/2015 9:30:00,5/28/2015 13:30:00,5/29/2015 9:30:00
,,,,,,6/1/2015 9:30:00,6/1/2015 11:06:00,6/1/2015 12:42:00,6/1/2015 14:18:00,6/1/2015 15:54:00,6/2/2015 9:30:00,6/2/2015 11:30:00,6/2/2015 13:30:00,6/2/2015 15:30:00,6/3/2015 9:30:00,6/3/2015 12:10:00,6/3/2015 14:50:00,6/4/2015 9:30:00,6/4/2015 13:30:00,6/5/2015 9:30:00
,,,,,,6/8/2015 9:30:00,6/8/2015 11:06:00,6/8/2015 12:42:00,6/8/2015 14:18:00,6/8/2015 15:54:00,6/9/2015 9:30:00,6/9/2015 11:30:00,6/9/2015 13:30:00,6/9/2015 15:30:00,6/10/2015 9:30:00,6/10/2015 12:10:00,6/10/2015 14:50:00,6/11/2015 9:30:00,6/11/2015 13:30:00,6/12/2015 9:30:00
,,,,,,6/15/2015 9:30:00,6/15/2015 11:06:00,6/15/2015 12:42:00,6/15/2015 14:18:00,6/15/2015 15:54:00,6/16/2015 9:30:00,6/16/2015 11:30:00,6/16/2015 13:30:00,6/16/2015 15:30:00,6/17/2015 9:30:00,6/17/2015 12:10:00,6/17/2015 14:50:00,6/18/2015 9:30:00,6/18/2015 13:30:00,6/19/2015 9:30:00
,,,,,,6/22/2015 9:30:00,6/22/2015 11:06:00,6/22/2015 12:42:00,6/22/2015 14:18:00,6/22/2015 15:54:00,6/23/2015 9:30:00,6/23/2015 11:30:00,6/23/2015 13:30:00,6/23/2015 15:30:00,6/24/2015 9:30:00,6/24/2015 12:10:00,6/24/2015 14:50:00,6/25/2015 9:30:00,6/25/2015 13:30:00,6/26/2015 9:30:00
,,,,,,6/29/2015 9:30:00,6/29/2015 11:06:00,6/29/2015 12:42:00,6/29/2015 14:18:00,6/29/2015 15:54:00,6/30/2015 9:30:00,6/30/2015 11:30:00,6/30/2015 13:30:00,6/30/2015 15:30:00,7/1/2015 9:30:00,7/1/2015 12:10:00,7/1/2015 14:50:00,7/2/2015 9:30:00,7/2/2015 13:30:00,7/3/2015 9:30:00
,,,,,,7/6/2015 9:30:00,7/6/2015 11:06:00,7/6/2015 12:42:00,7/6/2015 14:18:00,7/6/2015 15:54:00,7/7/2015 9:30:00,7/7/2015 11:30:00,7/7/2015 13:30:00,7/7/2015 15:30:00,7/8/2015 9:30:00,7/8/2015 12:10:00,7/8/2015 14:50:00,7/9/2015 9:30:00,7/9/2015 13:30:00,7/10/2015 9:30:00
,,,,,,7/13/2015 9:30:00,7/13/2015 11:06:00,7/13/2015 12:42:00,7/13/2015 14:18:00,7/13/2015 15:54:00,7/14/2015 9:30:00,7/14/2015 11:30:00,7/14/2015 13:30:00,7/14/2015 15:30:00,7/15/2015 9:30:00,7/15/2015 12:10:00,7/15/2015 14:50:00,7/16/2015 9:30:00,7/16/2015 13:30:00,7/17/2015 9:30:00
,,,,,,7/20/2015 9:30:00,7/20/2015 11:06:00,7/20/2015 12:42:00,7/20/2015 14:18:00,7/20/2015 15:54:00,7/21/2015 9:30:00,7/21/2015 11:30:00,7/21/2015 13:30:00,7/21/2015 15:30:00,7/22/2015 9:30:00,7/22/2015 12:10:00,7/22/2015 14:50:00,7/23/2015 9:30:00,7/23/2015 13:30:00,7/24/2015 9:30:00
,,,,,,7/27/2015 9:30:00,7/27/2015 11:06:00,7/27/2015 12:42:00,7/27/2015 14:18:00,7/27/2015 15:54:00,7/28/2015 9:30:00,7/28/2015 11:30:00,7/28/2015 13:30:00,7/28/2015 15:30:00,7/29/2015 9:30:00,7/29/2015 12:10:00,7/29/2015 14:50:00,7/30/2015 9:30:00,7/30/2015 13:30:00,7/31/2015 9:30:00
,,,,,,,,,,,,,,,,,,,,
,,,,,,,,,,,,,,,,,,,,
,,,ends,,,3/30/2015 9:30:00,3/30/2015 11:06:00,3/30/2015 12:42:00,3/30/2015 14:18:00,3/30/2015 15:54:00,3/31/2015 9:30:00,3/31/2015 11:30:00,3/31/2015 13:30:00,3/31/2015 15:30:00,4/1/2015 9:30:00,4/1/2015 12:10:00,4/1/2015 14:50:00,4/2/2015 9:30:00,4/2/2015 13:30:00,4/3/2015 9:30:00
1,,,,,,4/6/2015 9:31:00,4/6/2015 11:07:00,4/6/2015 12:43:00,4/6/2015 14:19:00,4/6/2015 15:55:00,4/7/2015 9:32:00,4/7/2015 11:32:00,4/7/2015 13:32:00,4/7/2015 15:32:00,4/8/2015 9:33:00,4/8/2015 12:13:00,4/8/2015 14:53:00,4/9/2015 9:34:00,4/9/2015 13:34:00,4/10/2015 9:39:00
,,,,,,4/13/2015 9:32:00,4/13/2015 11:08:00,4/13/2015 12:44:00,4/13/2015 14:20:00,4/13/2015 15:56:00,4/14/2015 9:33:00,4/14/2015 11:33:00,4/14/2015 13:33:00,4/14/2015 15:33:00,4/15/2015 9:34:00,4/15/2015 12:14:00,4/15/2015 14:54:00,4/16/2015 9:37:00,4/16/2015 13:37:00,4/17/2015 9:44:00
,,,,,,4/20/2015 9:34:00,4/20/2015 11:10:00,4/20/2015 12:46:00,4/20/2015 14:22:00,4/20/2015 15:58:00,4/21/2015 9:35:00,4/21/2015 11:35:00,4/21/2015 13:35:00,4/21/2015 15:35:00,4/22/2015 9:37:00,4/22/2015 12:17:00,4/22/2015 14:57:00,4/23/2015 9:41:00,4/23/2015 13:41:00,4/24/2015 9:53:00
,,,,,,4/27/2015 9:37:00,4/27/2015 11:13:00,4/27/2015 12:49:00,4/27/2015 14:25:00,4/27/2015 16:01:00,4/28/2015 9:39:00,4/28/2015 11:39:00,4/28/2015 13:39:00,4/28/2015 15:39:00,4/29/2015 9:42:00,4/29/2015 12:22:00,4/29/2015 15:02:00,4/30/2015 9:48:00,4/30/2015 13:48:00,5/1/2015 10:06:00
,,,,,,5/4/2015 9:40:00,5/4/2015 11:16:00,5/4/2015 12:52:00,5/4/2015 14:28:00,5/4/2015 16:04:00,5/5/2015 9:43:00,5/5/2015 11:43:00,5/5/2015 13:43:00,5/5/2015 15:43:00,5/6/2015 9:48:00,5/6/2015 12:28:00,5/6/2015 15:08:00,5/7/2015 9:57:00,5/7/2015 13:57:00,5/8/2015 10:24:00
,,,,,,5/11/2015 9:45:00,5/11/2015 11:21:00,5/11/2015 12:57:00,5/11/2015 14:33:00,5/11/2015 16:09:00,5/12/2015 9:49:00,5/12/2015 11:49:00,5/12/2015 13:49:00,5/12/2015 15:49:00,5/13/2015 9:56:00,5/13/2015 12:36:00,5/13/2015 15:16:00,5/14/2015 10:09:00,5/14/2015 14:09:00,5/15/2015 10:48:00
,,,,,,5/18/2015 9:51:00,5/18/2015 11:27:00,5/18/2015 13:03:00,5/18/2015 14:39:00,5/18/2015 16:15:00,5/19/2015 9:56:00,5/19/2015 11:56:00,5/19/2015 13:56:00,5/19/2015 15:56:00,5/20/2015 10:05:00,5/20/2015 12:45:00,5/20/2015 15:25:00,5/21/2015 10:23:00,5/21/2015 14:23:00,5/22/2015 11:17:00
,,,,,,5/25/2015 9:57:00,5/25/2015 11:33:00,5/25/2015 13:09:00,5/25/2015 14:45:00,5/25/2015 16:21:00,5/26/2015 10:04:00,5/26/2015 12:04:00,5/26/2015 14:04:00,5/26/2015 16:04:00,5/27/2015 10:15:00,5/27/2015 12:55:00,5/27/2015 15:35:00,5/28/2015 10:38:00,5/28/2015 14:38:00,5/29/2015 11:47:00
,,,,,,6/1/2015 10:02:00,6/1/2015 11:38:00,6/1/2015 13:14:00,6/1/2015 14:50:00,6/1/2015 16:26:00,6/2/2015 10:11:00,6/2/2015 12:11:00,6/2/2015 14:11:00,6/2/2015 16:11:00,6/3/2015 10:24:00,6/3/2015 13:04:00,6/3/2015 15:44:00,6/4/2015 10:52:00,6/4/2015 14:52:00,6/5/2015 12:14:00
,,,,,,6/8/2015 10:07:00,6/8/2015 11:43:00,6/8/2015 13:19:00,6/8/2015 14:55:00,6/8/2015 16:31:00,6/9/2015 10:17:00,6/9/2015 12:17:00,6/9/2015 14:17:00,6/9/2015 16:17:00,6/10/2015 10:32:00,6/10/2015 13:12:00,6/10/2015 15:52:00,6/11/2015 11:04:00,6/11/2015 15:04:00,6/12/2015 12:38:00
,,,,,,6/15/2015 10:11:00,6/15/2015 11:47:00,6/15/2015 13:23:00,6/15/2015 14:59:00,6/15/2015 16:35:00,6/16/2015 10:21:00,6/16/2015 12:21:00,6/16/2015 14:21:00,6/16/2015 16:21:00,6/17/2015 10:38:00,6/17/2015 13:18:00,6/17/2015 15:58:00,6/18/2015 11:12:00,6/18/2015 15:12:00,6/19/2015 12:55:00
,,,,,,6/22/2015 10:13:00,6/22/2015 11:49:00,6/22/2015 13:25:00,6/22/2015 15:01:00,6/22/2015 16:37:00,6/23/2015 10:24:00,6/23/2015 12:24:00,6/23/2015 14:24:00,6/23/2015 16:24:00,6/24/2015 10:42:00,6/24/2015 13:22:00,6/24/2015 16:02:00,6/25/2015 11:18:00,6/25/2015 15:18:00,6/26/2015 13:07:00
,,,,,,6/29/2015 10:15:00,6/29/2015 11:51:00,6/29/2015 13:27:00,6/29/2015 15:03:00,6/29/2015 16:39:00,6/30/2015 10:26:00,6/30/2015 12:26:00,6/30/2015 14:26:00,6/30/2015 16:26:00,7/1/2015 10:45:00,7/1/2015 13:25:00,7/1/2015 16:05:00,7/2/2015 11:23:00,7/2/2015 15:23:00,7/3/2015 13:16:00
,,,,,,7/6/2015 10:16:00,7/6/2015 11:52:00,7/6/2015 13:28:00,7/6/2015 15:04:00,7/6/2015 16:40:00,7/7/2015 10:27:00,7/7/2015 12:27:00,7/7/2015 14:27:00,7/7/2015 16:27:00,7/8/2015 10:47:00,7/8/2015 13:27:00,7/8/2015 16:07:00,7/9/2015 11:25:00,7/9/2015 15:25:00,7/10/2015 13:21:00
,,,,,,7/13/2015 10:16:00,7/13/2015 11:52:00,7/13/2015 13:28:00,7/13/2015 15:04:00,7/13/2015 16:40:00,7/14/2015 10:28:00,7/14/2015 12:28:00,7/14/2015 14:28:00,7/14/2015 16:28:00,7/15/2015 10:48:00,7/15/2015 13:28:00,7/15/2015 16:08:00,7/16/2015 11:27:00,7/16/2015 15:27:00,7/17/2015 13:24:00
,,,,,,7/20/2015 10:17:00,7/20/2015 11:53:00,7/20/2015 13:29:00,7/20/2015 15:05:00,7/20/2015 16:41:00,7/21/2015 10:29:00,7/21/2015 12:29:00,7/21/2015 14:29:00,7/21/2015 16:29:00,7/22/2015 10:48:00,7/22/2015 13:28:00,7/22/2015 16:08:00,7/23/2015 11:28:00,7/23/2015 15:28:00,7/24/2015 13:26:00
,,,,,,7/27/2015 10:17:00,7/27/2015 11:53:00,7/27/2015 13:29:00,7/27/2015 15:05:00,7/27/2015 16:41:00,7/28/2015 10:29:00,7/28/2015 12:29:00,7/28/2015 14:29:00,7/28/2015 16:29:00,7/29/2015 10:49:00,7/29/2015 13:29:00,7/29/2015 16:09:00,7/30/2015 11:29:00,7/30/2015 15:29:00,7/31/2015 13:28:00
,,,,,,,,,,,,,,,,,,,,
,,,starts & ends,,,2015-03-30 09:30:00 - 2015-03-30 09:30:00,2015-03-30 11:06:00 - 2015-03-30 11:06:00,2015-03-30 12:42:00 - 2015-03-30 12:42:00,2015-03-30 14:18:00 - 2015-03-30 14:18:00,2015-03-30 15:54:00 - 2015-03-30 15:54:00,2015-03-31 09:30:00 - 2015-03-31 09:30:00,2015-03-31 11:30:00 - 2015-03-31 11:30:00,2015-03-31 13:30:00 - 2015-03-31 13:30:00,2015-03-31 15:30:00 - 2015-03-31 15:30:00,2015-04-01 09:30:00 - 2015-04-01 09:30:00,2015-04-01 12:10:00 - 2015-04-01 12:10:00,2015-04-01 14:50:00 - 2015-04-01 14:50:00,2015-04-02 09:30:00 - 2015-04-02 09:30:00,2015-04-02 13:30:00 - 2015-04-02 13:30:00,2015-04-03 09:30:00 - 2015-04-03 09:30:00
,,,,,,2015-04-06 09:30:00 - 2015-04-06 09:31:00,2015-04-06 11:06:00 - 2015-04-06 11:07:00,2015-04-06 12:42:00 - 2015-04-06 12:43:00,2015-04-06 14:18:00 - 2015-04-06 14:19:00,2015-04-06 15:54:00 - 2015-04-06 15:55:00,2015-04-07 09:30:00 - 2015-04-07 09:32:00,2015-04-07 11:30:00 - 2015-04-07 11:32:00,2015-04-07 13:30:00 - 2015-04-07 13:32:00,2015-04-07 15:30:00 - 2015-04-07 15:32:00,2015-04-08 09:30:00 - 2015-04-08 09:33:00,2015-04-08 12:10:00 - 2015-04-08 12:13:00,2015-04-08 14:50:00 - 2015-04-08 14:53:00,2015-04-09 09:30:00 - 2015-04-09 09:34:00,2015-04-09 13:30:00 - 2015-04-09 13:34:00,2015-04-10 09:30:00 - 2015-04-10 09:39:00
,,,,,,2015-04-13 09:30:00 - 2015-04-13 09:32:00,2015-04-13 11:06:00 - 2015-04-13 11:08:00,2015-04-13 12:42:00 - 2015-04-13 12:44:00,2015-04-13 14:18:00 - 2015-04-13 14:20:00,2015-04-13 15:54:00 - 2015-04-13 15:56:00,2015-04-14 09:30:00 - 2015-04-14 09:33:00,2015-04-14 11:30:00 - 2015-04-14 11:33:00,2015-04-14 13:30:00 - 2015-04-14 13:33:00,2015-04-14 15:30:00 - 2015-04-14 15:33:00,2015-04-15 09:30:00 - 2015-04-15 09:34:00,2015-04-15 12:10:00 - 2015-04-15 12:14:00,2015-04-15 14:50:00 - 2015-04-15 14:54:00,2015-04-16 09:30:00 - 2015-04-16 09:37:00,2015-04-16 13:30:00 - 2015-04-16 13:37:00,2015-04-17 09:30:00 - 2015-04-17 09:44:00
,,,,,,2015-04-20 09:30:00 - 2015-04-20 09:34:00,2015-04-20 11:06:00 - 2015-04-20 11:10:00,2015-04-20 12:42:00 - 2015-04-20 12:46:00,2015-04-20 14:18:00 - 2015-04-20 14:22:00,2015-04-20 15:54:00 - 2015-04-20 15:58:00,2015-04-21 09:30:00 - 2015-04-21 09:35:00,2015-04-21 11:30:00 - 2015-04-21 11:35:00,2015-04-21 13:30:00 - 2015-04-21 13:35:00,2015-04-21 15:30:00 - 2015-04-21 15:35:00,2015-04-22 09:30:00 - 2015-04-22 09:37:00,2015-04-22 12:10:00 - 2015-04-22 12:17:00,2015-04-22 14:50:00 - 2015-04-22 14:57:00,2015-04-23 09:30:00 - 2015-04-23 09:41:00,2015-04-23 13:30:00 - 2015-04-23 13:41:00,2015-04-24 09:30:00 - 2015-04-24 09:53:00
,,,,,,2015-04-27 09:30:00 - 2015-04-27 09:37:00,2015-04-27 11:06:00 - 2015-04-27 11:13:00,2015-04-27 12:42:00 - 2015-04-27 12:49:00,2015-04-27 14:18:00 - 2015-04-27 14:25:00,2015-04-27 15:54:00 - 2015-04-27 16:01:00,2015-04-28 09:30:00 - 2015-04-28 09:39:00,2015-04-28 11:30:00 - 2015-04-28 11:39:00,2015-04-28 13:30:00 - 2015-04-28 13:39:00,2015-04-28 15:30:00 - 2015-04-28 15:39:00,2015-04-29 09:30:00 - 2015-04-29 09:42:00,2015-04-29 12:10:00 - 2015-04-29 12:22:00,2015-04-29 14:50:00 - 2015-04-29 15:02:00,2015-04-30 09:30:00 - 2015-04-30 09:48:00,2015-04-30 13:30:00 - 2015-04-30 13:48:00,2015-05-01 09:30:00 - 2015-05-01 10:06:00
,,,,,,2015-05-04 09:30:00 - 2015-05-04 09:40:00,2015-05-04 11:06:00 - 2015-05-04 11:16:00,2015-05-04 12:42:00 - 2015-05-04 12:52:00,2015-05-04 14:18:00 - 2015-05-04 14:28:00,2015-05-04 15:54:00 - 2015-05-04 16:04:00,2015-05-05 09:30:00 - 2015-05-05 09:43:00,2015-05-05 11:30:00 - 2015-05-05 11:43:00,2015-05-05 13:30:00 - 2015-05-05 13:43:00,2015-05-05 15:30:00 - 2015-05-05 15:43:00,2015-05-06 09:30:00 - 2015-05-06 09:48:00,2015-05-06 12:10:00 - 2015-05-06 12:28:00,2015-05-06 14:50:00 - 2015-05-06 15:08:00,2015-05-07 09:30:00 - 2015-05-07 09:57:00,2015-05-07 13:30:00 - 2015-05-07 13:57:00,2015-05-08 09:30:00 - 2015-05-08 10:24:00
,,,,,,2015-05-11 09:30:00 - 2015-05-11 09:45:00,2015-05-11 11:06:00 - 2015-05-11 11:21:00,2015-05-11 12:42:00 - 2015-05-11 12:57:00,2015-05-11 14:18:00 - 2015-05-11 14:33:00,2015-05-11 15:54:00 - 2015-05-11 16:09:00,2015-05-12 09:30:00 - 2015-05-12 09:49:00,2015-05-12 11:30:00 - 2015-05-12 11:49:00,2015-05-12 13:30:00 - 2015-05-12 13:49:00,2015-05-12 15:30:00 - 2015-05-12 15:49:00,2015-05-13 09:30:00 - 2015-05-13 09:56:00,2015-05-13 12:10:00 - 2015-05-13 12:36:00,2015-05-13 14:50:00 - 2015-05-13 15:16:00,2015-05-14 09:30:00 - 2015-05-14 10:09:00,2015-05-14 13:30:00 - 2015-05-14 14:09:00,2015-05-15 09:30:00 - 2015-05-15 10:48:00
,,,,,,2015-05-18 09:30:00 - 2015-05-18 09:51:00,2015-05-18 11:06:00 - 2015-05-18 11:27:00,2015-05-18 12:42:00 - 2015-05-18 13:03:00,2015-05-18 14:18:00 - 2015-05-18 14:39:00,2015-05-18 15:54:00 - 2015-05-18 16:15:00,2015-05-19 09:30:00 - 2015-05-19 09:56:00,2015-05-19 11:30:00 - 2015-05-19 11:56:00,2015-05-19 13:30:00 - 2015-05-19 13:56:00,2015-05-19 15:30:00 - 2015-05-19 15:56:00,2015-05-20 09:30:00 - 2015-05-20 10:05:00,2015-05-20 12:10:00 - 2015-05-20 12:45:00,2015-05-20 14:50:00 - 2015-05-20 15:25:00,2015-05-21 09:30:00 - 2015-05-21 10:23:00,2015-05-21 13:30:00 - 2015-05-21 14:23:00,2015-05-22 09:30:00 - 2015-05-22 11:17:00
,,,,,,2015-05-25 09:30:00 - 2015-05-25 09:57:00,2015-05-25 11:06:00 - 2015-05-25 11:33:00,2015-05-25 12:42:00 - 2015-05-25 13:09:00,2015-05-25 14:18:00 - 2015-05-25 14:45:00,2015-05-25 15:54:00 - 2015-05-25 16:21:00,2015-05-26 09:30:00 - 2015-05-26 10:04:00,2015-05-26 11:30:00 - 2015-05-26 12:04:00,2015-05-26 13:30:00 - 2015-05-26 14:04:00,2015-05-26 15:30:00 - 2015-05-26 16:04:00,2015-05-27 09:30:00 - 2015-05-27 10:15:00,2015-05-27 12:10:00 - 2015-05-27 12:55:00,2015-05-27 14:50:00 - 2015-05-27 15:35:00,2015-05-28 09:30:00 - 2015-05-28 10:38:00,2015-05-28 13:30:00 - 2015-05-28 14:38:00,2015-05-29 09:30:00 - 2015-05-29 11:47:00
,,,,,,2015-06-01 09:30:00 - 2015-06-01 10:02:00,2015-06-01 11:06:00 - 2015-06-01 11:38:00,2015-06-01 12:42:00 - 2015-06-01 13:14:00,2015-06-01 14:18:00 - 2015-06-01 14:50:00,2015-06-01 15:54:00 - 2015-06-01 16:26:00,2015-06-02 09:30:00 - 2015-06-02 10:11:00,2015-06-02 11:30:00 - 2015-06-02 12:11:00,2015-06-02 13:30:00 - 2015-06-02 14:11:00,2015-06-02 15:30:00 - 2015-06-02 16:11:00,2015-06-03 09:30:00 - 2015-06-03 10:24:00,2015-06-03 12:10:00 - 2015-06-03 13:04:00,2015-06-03 14:50:00 - 2015-06-03 15:44:00,2015-06-04 09:30:00 - 2015-06-04 10:52:00,2015-06-04 13:30:00 - 2015-06-04 14:52:00,2015-06-05 09:30:00 - 2015-06-05 12:14:00
,,,,,,2015-06-08 09:30:00 - 2015-06-08 10:07:00,2015-06-08 11:06:00 - 2015-06-08 11:43:00,2015-06-08 12:42:00 - 2015-06-08 13:19:00,2015-06-08 14:18:00 - 2015-06-08 14:55:00,2015-06-08 15:54:00 - 2015-06-08 16:31:00,2015-06-09 09:30:00 - 2015-06-09 10:17:00,2015-06-09 11:30:00 - 2015-06-09 12:17:00,2015-06-09 13:30:00 - 2015-06-09 14:17:00,2015-06-09 15:30:00 - 2015-06-09 16:17:00,2015-06-10 09:30:00 - 2015-06-10 10:32:00,2015-06-10 12:10:00 - 2015-06-10 13:12:00,2015-06-10 14:50:00 - 2015-06-10 15:52:00,2015-06-11 09:30:00 - 2015-06-11 11:04:00,2015-06-11 13:30:00 - 2015-06-11 15:04:00,2015-06-12 09:30:00 - 2015-06-12 12:38:00
,,,,,,2015-06-15 09:30:00 - 2015-06-15 10:11:00,2015-06-15 11:06:00 - 2015-06-15 11:47:00,2015-06-15 12:42:00 - 2015-06-15 13:23:00,2015-06-15 14:18:00 - 2015-06-15 14:59:00,2015-06-15 15:54:00 - 2015-06-15 16:35:00,2015-06-16 09:30:00 - 2015-06-16 10:21:00,2015-06-16 11:30:00 - 2015-06-16 12:21:00,2015-06-16 13:30:00 - 2015-06-16 14:21:00,2015-06-16 15:30:00 - 2015-06-16 16:21:00,2015-06-17 09:30:00 - 2015-06-17 10:38:00,2015-06-17 12:10:00 - 2015-06-17 13:18:00,2015-06-17 14:50:00 - 2015-06-17 15:58:00,2015-06-18 09:30:00 - 2015-06-18 11:12:00,2015-06-18 13:30:00 - 2015-06-18 15:12:00,2015-06-19 09:30:00 - 2015-06-19 12:55:00
,,,,,,2015-06-22 09:30:00 - 2015-06-22 10:13:00,2015-06-22 11:06:00 - 2015-06-22 11:49:00,2015-06-22 12:42:00 - 2015-06-22 13:25:00,2015-06-22 14:18:00 - 2015-06-22 15:01:00,2015-06-22 15:54:00 - 2015-06-22 16:37:00,2015-06-23 09:30:00 - 2015-06-23 10:24:00,2015-06-23 11:30:00 - 2015-06-23 12:24:00,2015-06-23 13:30:00 - 2015-06-23 14:24:00,2015-06-23 15:30:00 - 2015-06-23 16:24:00,2015-06-24 09:30:00 - 2015-06-24 10:42:00,2015-06-24 12:10:00 - 2015-06-24 13:22:00,2015-06-24 14:50:00 - 2015-06-24 16:02:00,2015-06-25 09:30:00 - 2015-06-25 11:18:00,2015-06-25 13:30:00 - 2015-06-25 15:18:00,2015-06-26 09:30:00 - 2015-06-26 13:07:00
,,,,,,2015-06-29 09:30:00 - 2015-06-29 10:15:00,2015-06-29 11:06:00 - 2015-06-29 11:51:00,2015-06-29 12:42:00 - 2015-06-29 13:27:00,2015-06-29 14:18:00 - 2015-06-29 15:03:00,2015-06-29 15:54:00 - 2015-06-29 16:39:00,2015-06-30 09:30:00 - 2015-06-30 10:26:00,2015-06-30 11:30:00 - 2015-06-30 12:26:00,2015-06-30 13:30:00 - 2015-06-30 14:26:00,2015-06-30 15:30:00 - 2015-06-30 16:26:00,2015-07-01 09:30:00 - 2015-07-01 10:45:00,2015-07-01 12:10:00 - 2015-07-01 13:25:00,2015-07-01 14:50:00 - 2015-07-01 16:05:00,2015-07-02 09:30:00 - 2015-07-02 11:23:00,2015-07-02 13:30:00 - 2015-07-02 15:23:00,2015-07-03 09:30:00 - 2015-07-03 13:16:00
,,,,,,2015-07-06 09:30:00 - 2015-07-06 10:16:00,2015-07-06 11:06:00 - 2015-07-06 11:52:00,2015-07-06 12:42:00 - 2015-07-06 13:28:00,2015-07-06 14:18:00 - 2015-07-06 15:04:00,2015-07-06 15:54:00 - 2015-07-06 16:40:00,2015-07-07 09:30:00 - 2015-07-07 10:27:00,2015-07-07 11:30:00 - 2015-07-07 12:27:00,2015-07-07 13:30:00 - 2015-07-07 14:27:00,2015-07-07 15:30:00 - 2015-07-07 16:27:00,2015-07-08 09:30:00 - 2015-07-08 10:47:00,2015-07-08 12:10:00 - 2015-07-08 13:27:00,2015-07-08 14:50:00 - 2015-07-08 16:07:00,2015-07-09 09:30:00 - 2015-07-09 11:25:00,2015-07-09 13:30:00 - 2015-07-09 15:25:00,2015-07-10 09:30:00 - 2015-07-10 13:21:00
,,,,,,2015-07-13 09:30:00 - 2015-07-13 10:16:00,2015-07-13 11:06:00 - 2015-07-13 11:52:00,2015-07-13 12:42:00 - 2015-07-13 13:28:00,2015-07-13 14:18:00 - 2015-07-13 15:04:00,2015-07-13 15:54:00 - 2015-07-13 16:40:00,2015-07-14 09:30:00 - 2015-07-14 10:28:00,2015-07-14 11:30:00 - 2015-07-14 12:28:00,2015-07-14 13:30:00 - 2015-07-14 14:28:00,2015-07-14 15:30:00 - 2015-07-14 16:28:00,2015-07-15 09:30:00 - 2015-07-15 10:48:00,2015-07-15 12:10:00 - 2015-07-15 13:28:00,2015-07-15 14:50:00 - 2015-07-15 16:08:00,2015-07-16 09:30:00 - 2015-07-16 11:27:00,2015-07-16 13:30:00 - 2015-07-16 15:27:00,2015-07-17 09:30:00 - 2015-07-17 13:24:00
,,,,,,2015-07-20 09:30:00 - 2015-07-20 10:17:00,2015-07-20 11:06:00 - 2015-07-20 11:53:00,2015-07-20 12:42:00 - 2015-07-20 13:29:00,2015-07-20 14:18:00 - 2015-07-20 15:05:00,2015-07-20 15:54:00 - 2015-07-20 16:41:00,2015-07-21 09:30:00 - 2015-07-21 10:29:00,2015-07-21 11:30:00 - 2015-07-21 12:29:00,2015-07-21 13:30:00 - 2015-07-21 14:29:00,2015-07-21 15:30:00 - 2015-07-21 16:29:00,2015-07-22 09:30:00 - 2015-07-22 10:48:00,2015-07-22 12:10:00 - 2015-07-22 13:28:00,2015-07-22 14:50:00 - 2015-07-22 16:08:00,2015-07-23 09:30:00 - 2015-07-23 11:28:00,2015-07-23 13:30:00 - 2015-07-23 15:28:00,2015-07-24 09:30:00 - 2015-07-24 13:26:00
,,,,,,2015-07-27 09:30:00 - 2015-07-27 10:17:00,2015-07-27 11:06:00 - 2015-07-27 11:53:00,2015-07-27 12:42:00 - 2015-07-27 13:29:00,2015-07-27 14:18:00 - 2015-07-27 15:05:00,2015-07-27 15:54:00 - 2015-07-27 16:41:00,2015-07-28 09:30:00 - 2015-07-28 10:29:00,2015-07-28 11:30:00 - 2015-07-28 12:29:00,2015-07-28 13:30:00 - 2015-07-28 14:29:00,2015-07-28 15:30:00 - 2015-07-28 16:29:00,2015-07-29 09:30:00 - 2015-07-29 10:49:00,2015-07-29 12:10:00 - 2015-07-29 13:29:00,2015-07-29 14:50:00 - 2015-07-29 16:09:00,2015-07-30 09:30:00 - 2015-07-30 11:29:00,2015-07-30 13:30:00 - 2015-07-30 15:29:00,2015-07-31 09:30:00 - 2015-07-31 13:28:00